<?xml version="1.0" encoding="UTF-8"?>
<project-private xmlns="http://www.netbeans.org/ns/project-private/1">
    <editor-bookmarks xmlns="http://www.netbeans.org/ns/editor-bookmarks/2" lastBookmarkId="0"/>
    <open-files xmlns="http://www.netbeans.org/ns/projectui-open-files/2">
        <group>
            <file>file:/D:/prakhar/Java/Question4/src/question4/Employee2.java</file>
            <file>file:/D:/prakhar/Java/Question4/src/question4/Employee1.java</file>
            <file>file:/D:/prakhar/Java/Question4/src/question4/Main.java</file>
            <file>file:/D:/prakhar/Java/Question4/src/question4/Employee3.java</file>
        </group>
    </open-files>
</project-private>
